ID,Name,Start Date,Forecast Hour,Class
2021,Etau,2020110918,24,STS
2102,Surigae,2021041700,24,Super TY
2312,KIROGI,2023083000,24,STS
2225,Pakhar,2022121006,24,TS
2010,Haishen,2020090600,24,STY
2311,HAIKUI,2023090506,24,TS
2002,Nuri,2020061000,24,TS
2119,Namtheun,2021100912,24,TS
2308,DORA,2023082100,24,TS
2019,Goni,2020102612,24,TS
2101,Dujuan,2021022012,24,TS
2119,Namtheun,2021101200,24,TS
2113,Conson,2021090718,24,STS
2304,TALIM,2023071318,24,TS
2004,Hagupit,2020080406,24,STS
2017,Saudel,2020102100,24,TY
2201,Malakas,2022040700,24,TS
2014,Chan-hom,2020100806,24,TY
2109,Lupit,2021080418,24,TS
2316,SANBA,2023101906,24,STS
2020,Atsani,2020103006,24,TS
2102,Surigae,2021041912,24,Super TY
2315,BOLAVEN,2023101306,24,Super TY
2106,In-fa,2021071912,24,TY
2106,In-fa,2021072606,24,STS
2301,SANVU,2023042006,24,TS
2122,Rai,2021121900,24,Super TY
2309,SAOLA,2023090300,24,TS
2110,Mirinae,2021080612,24,TS
2211,Hinnamnor,2022082800,24,STS
2216,Noru,2022092612,24,Super TY
2311,HAIKUI,2023090900,24,TS
2306,KHANUN,2023072800,24,TS
2112,Omais,2021082118,24,STS
2202,Megi,2022041100,24,TS
2122,Rai,2021121300,24,STS
2122,Rai,2021121618,24,STY
2113,Conson,2021090600,24,STS
2119,Namtheun,2021101400,24,TS
2314,KOINU,2023100312,24,Super TY
2307,LAN,2023081112,24,Super TY
2302,MAWAR,2023052218,24,Super TY
2113,Conson,2021090606,24,STS
2103,Choi-wan,2021060300,24,TS
2021,Etau,2020110706,24,TS
2017,Saudel,2020102418,24,STS
2205,Songda,2022073006,24,TS
2308,DORA,2023081812,24,TS
2307,LAN,2023081306,24,TY
2105,Champi,2021062306,24,TS
2304,TALIM,2023071312,24,TS
2002,Nuri,2020061212,24,TS
2105,Champi,2021062606,24,TY
2119,Namtheun,2021101212,24,TS
2114,Chanthu,2021091112,24,Super TY
2022,Vamco,2020111000,24,TY
2212,Muifa,2022091506,24,TS
2112,Omais,2021082100,24,STS
2212,Muifa,2022090618,24,TS
2102,Surigae,2021041712,24,Super TY
2309,SAOLA,2023082818,24,Super TY
2009,Maysak,2020082912,24,STY
2210,Tokage,2022082412,24,TY
2108,Nepartak,2021072306,24,TS
2102,Surigae,2021041900,24,Super TY
2020,Atsani,2020102906,24,TS
2020,Atsani,2020110206,24,TS
2122,Rai,2021121500,24,Super TY
2122,Rai,2021121818,24,Super TY
2023,Krovanh,2020122206,24,TS
2308,DORA,2023082000,24,TS
2106,In-fa,2021071806,24,STS
2209,Ma-on,2022082300,24,STS
2302,MAWAR,2023053112,24,TY
2311,HAIKUI,2023082812,24,TS
2111,Nida,2021080606,24,STS
2106,In-fa,2021072112,24,STY
2017,Saudel,2020102018,24,STS
2108,Nepartak,2021072712,24,TS
2017,Saudel,2020102306,24,TY
2119,Namtheun,2021101506,24,TY
2309,SAOLA,2023082912,24,Super TY
2103,Choi-wan,2021053100,24,TS
2114,Chanthu,2021090918,24,Super TY
2307,LAN,2023081400,24,TY
2202,Megi,2022040912,24,TS
2312,KIROGI,2023083118,24,STS
2111,Nida,2021080400,24,TS
2203,Chaba,2022063000,24,STS
2014,Chan-hom,2020101400,24,TS
2216,Noru,2022092712,24,STY
2009,Maysak,2020083106,24,Super TY
2004,Hagupit,2020080300,24,STY
2220,Nesat,2022101818,24,TY
2204,Aere,2022070312,24,TS
2017,Saudel,2020102506,24,TS
2010,Haishen,2020090506,24,Super TY
2220,Nesat,2022101900,24,STS
2217,Kulap,2022092512,24,TS
2201,Malakas,2022041018,24,STS
2308,DORA,2023081612,24,TS
2101,Dujuan,2021022112,24,TS
2118,Kompasu,2021100818,24,TS
2110,Mirinae,2021080806,24,STS
2014,Chan-hom,2020100906,24,TY
2305,DOKSURI,2023072200,24,STS
2111,Nida,2021080618,24,STS
2005,Jangmi,2020080900,24,TS
2306,KHANUN,2023072900,24,TY
2204,Aere,2022070112,24,TS
2117,Lionrock,2021100918,24,TS
2108,Nepartak,2021072818,24,TS
2204,Aere,2022070218,24,TS
2001,Vongfong,2020051300,24,STY
2305,DOKSURI,2023072306,24,STY
2206,Trases,2022073112,24,TS
2312,KIROGI,2023090406,24,TS
2120,Malou,2021102600,24,STS
2105,Champi,2021062318,24,STS
2019,Goni,2020103112,24,Super TY
2011,Noul,2020091418,24,TS
2104,Koguma,2021061118,24,TS
2108,Nepartak,2021072400,24,TS
2015,Linfa,2020100906,24,TS
2204,Aere,2022063018,24,TS
2104,Koguma,2021061106,24,TS
2020,Atsani,2020110318,24,STS
2106,In-fa,2021072200,24,STY
2018,Molave,2020102606,24,STY
2119,Namtheun,2021101412,24,TS
2217,Kulap,2022092500,24,TS
2218,Roke,2022093018,24,STS
2216,Noru,2022092618,24,Super TY
2314,KOINU,2023100506,24,STY
2107,Cempaka,2021072006,24,TY
2203,Chaba,2022063012,24,STS
2121,Nyatoh,2021113012,24,STS
2301,SANVU,2023041918,24,TS
2309,SAOLA,2023082312,24,TS
2311,HAIKUI,2023090212,24,STY
2108,Nepartak,2021072612,24,TS
2108,Nepartak,2021072506,24,TS
2309,SAOLA,2023082400,24,STS
2118,Kompasu,2021101000,24,TS
2110,Mirinae,2021080518,24,TS
2217,Kulap,2022092712,24,TY
2119,Namtheun,2021101018,24,TS
2020,Atsani,2020110418,24,STS
2018,Molave,2020102806,24,TY
2304,TALIM,2023071600,24,TY
2203,Chaba,2022070318,24,TS
2308,DORA,2023081918,24,TS
2008,Bavi,2020082612,24,STY
2112,Omais,2021082218,24,TS
2112,Omais,2021082000,24,TS
2317,JELAWAT,2023121700,24,TS
2021,Etau,2020110900,24,STS
2023,Krovanh,2020121900,24,TS
2118,Kompasu,2021101018,24,STS
2117,Lionrock,2021100712,24,TS
2215,Talas,2022092218,24,TS
2018,Molave,2020102712,24,STY
2303,GUCHOL,2023060718,24,TY
2225,Pakhar,2022121206,24,TS
2001,Vongfong,2020051200,24,STS
2210,Tokage,2022082106,24,TS
2106,In-fa,2021072006,24,STY
2309,SAOLA,2023082406,24,TY
2019,Goni,2020110400,24,TS
2103,Choi-wan,2021053106,24,TS
2107,Cempaka,2021072106,24,TS
2309,SAOLA,2023082500,24,STY
2107,Cempaka,2021071912,24,TY
2102,Surigae,2021042118,24,STY
2301,SANVU,2023041912,24,TS
2106,In-fa,2021072512,24,STS
2112,Omais,2021082106,24,STS
2009,Maysak,2020090100,24,Super TY
2302,MAWAR,2023052006,24,STS
2302,MAWAR,2023052712,24,Super TY
2216,Noru,2022092212,24,TS
2120,Malou,2021102518,24,STS
2004,Hagupit,2020080218,24,STY
2201,Malakas,2022040800,24,TS
2101,Dujuan,2021022106,24,TS
2015,Linfa,2020101006,24,TS
2306,KHANUN,2023072706,24,TS
2111,Nida,2021080518,24,STS
2018,Molave,2020102618,24,STY
2009,Maysak,2020083006,24,STY
2203,Chaba,2022062912,24,TS
2010,Haishen,2020083118,24,TS
2009,Maysak,2020083112,24,Super TY
2312,KIROGI,2023090200,24,TS
2122,Rai,2021122000,24,TY
2119,Namtheun,2021101512,24,TY
2218,Roke,2022092818,24,TY
2306,KHANUN,2023072918,24,STY
2116,Mindulle,2021092400,24,TY
2105,Champi,2021062618,24,TS
2012,Dolphin,2020092012,24,TS
2103,Choi-wan,2021053118,24,TS
2111,Nida,2021080512,24,STS
2115,Dianmu,2021092212,24,TS
2014,Chan-hom,2020101412,24,TS
2007,Higos,2020081706,24,TS
2020,Atsani,2020103100,24,TS
2010,Haishen,2020083112,24,TS
2110,Mirinae,2021080406,24,TS
2201,Malakas,2022041400,24,Super TY
2022,Vamco,2020110800,24,TS
2317,JELAWAT,2023121706,24,TS
2107,Cempaka,2021072000,24,TY
2113,Conson,2021090506,24,TS
2307,LAN,2023080900,24,TY
2201,Malakas,2022040718,24,TS
2305,DOKSURI,2023072518,24,Super TY
2008,Bavi,2020082100,24,TS
2108,Nepartak,2021072906,24,TS
2209,Ma-on,2022082500,24,TY
2220,Nesat,2022101506,24,TY
2214,Nanmadol,2022091406,24,TY
2010,Haishen,2020083100,24,TS
2116,Mindulle,2021092718,24,STY
2118,Kompasu,2021101100,24,STS
2307,LAN,2023080912,24,STY
2306,KHANUN,2023073000,24,STY
2102,Surigae,2021042112,24,STY
2305,DOKSURI,2023072100,24,TS
2004,Hagupit,2020080306,24,STY
2312,KIROGI,2023090318,24,TS
2222,Nalgae,2022110118,24,STS
2107,Cempaka,2021072212,24,TS
2312,KIROGI,2023083100,24,STS
2302,MAWAR,2023052706,24,Super TY
2009,Maysak,2020090200,24,STY
2212,Muifa,2022091106,24,STY
2106,In-fa,2021072118,24,STY
2103,Choi-wan,2021060400,24,TS
2308,DORA,2023081718,24,TS
2314,KOINU,2023100518,24,STY
2218,Roke,2022092812,24,TY
2023,Krovanh,2020122100,24,TS
2302,MAWAR,2023052900,24,STY
2215,Talas,2022092200,24,TS
2010,Haishen,2020090400,24,Super TY
2306,KHANUN,2023080618,24,STS
2216,Noru,2022092600,24,Super TY
2014,Chan-hom,2020101006,24,STS
2023,Krovanh,2020121800,24,TS
2305,DOKSURI,2023072300,24,STY
2113,Conson,2021091018,24,STS
2119,Namtheun,2021101318,24,TS
2114,Chanthu,2021090712,24,Super TY
2019,Goni,2020103006,24,Super TY
2113,Conson,2021090512,24,STS
2214,Nanmadol,2022091306,24,TS
2211,Hinnamnor,2022090112,24,Super TY
2109,Lupit,2021080712,24,TS
2205,Songda,2022072818,24,TS
2316,SANBA,2023101818,24,STS
2311,HAIKUI,2023082900,24,TS
2314,KOINU,2023092906,24,TS
2310,DAMREY,2023082600,24,STS
2015,Linfa,2020100812,24,TS
2311,HAIKUI,2023090318,24,TY
2009,Maysak,2020090218,24,TY
2308,DORA,2023081412,24,TS
2008,Bavi,2020082406,24,STY
2022,Vamco,2020111200,24,TY
2101,Dujuan,2021021618,24,TS
2119,Namtheun,2021101100,24,TS
2114,Chanthu,2021091312,24,STY
2120,Malou,2021102406,24,TS
2203,Chaba,2022070206,24,TY
2306,KHANUN,2023080412,24,TY
2211,Hinnamnor,2022090412,24,Super TY
2108,Nepartak,2021072218,24,TS
2305,DOKSURI,2023072312,24,Super TY
2311,HAIKUI,2023090306,24,STY
2001,Vongfong,2020051418,24,TY
2018,Molave,2020102700,24,STY
2307,LAN,2023081218,24,TY
2315,BOLAVEN,2023101106,24,Super TY
2211,Hinnamnor,2022083112,24,Super TY
2114,Chanthu,2021091218,24,STY
2020,Atsani,2020110106,24,TS
2310,DAMREY,2023082706,24,STS
2106,In-fa,2021072412,24,TY
2307,LAN,2023080800,24,STS
2309,SAOLA,2023083106,24,Super TY
2019,Goni,2020110312,24,TS
2011,Noul,2020091500,24,TS
2116,Mindulle,2021092618,24,Super TY
2314,KOINU,2023100606,24,STY
2022,Vamco,2020111418,24,TY
2306,KHANUN,2023080800,24,STS
2208,Meari,2022081018,24,TS
2303,GUCHOL,2023061000,24,STY
2218,Roke,2022092918,24,TY
2116,Mindulle,2021092512,24,Super TY
2312,KIROGI,2023090506,24,TS
2217,Kulap,2022092618,24,STS
2304,TALIM,2023071500,24,STS
2312,KIROGI,2023090206,24,TS
2309,SAOLA,2023082718,24,STY
2303,GUCHOL,2023061112,24,TY
2020,Atsani,2020103018,24,TS
2315,BOLAVEN,2023100906,24,TY
2212,Muifa,2022090800,24,STS
2212,Muifa,2022091206,24,STY
2002,Nuri,2020061018,24,TS
2012,Dolphin,2020092018,24,TS
2110,Mirinae,2021080812,24,STS
2116,Mindulle,2021092600,24,Super TY
2310,DAMREY,2023082718,24,STS
2121,Nyatoh,2021120200,24,Super TY
2305,DOKSURI,2023072606,24,STY
2309,SAOLA,2023090100,24,Super TY
2101,Dujuan,2021022006,24,TS
2305,DOKSURI,2023072618,24,Super TY
2108,Nepartak,2021072700,24,TS
2220,Nesat,2022101618,24,STY
2101,Dujuan,2021022000,24,TS
2311,HAIKUI,2023090300,24,STY
2014,Chan-hom,2020100812,24,TY
2009,Maysak,2020083100,24,Super TY
2106,In-fa,2021071906,24,TY
2302,MAWAR,2023052812,24,STY
2205,Songda,2022072806,24,TS
2120,Malou,2021102506,24,STS
2001,Vongfong,2020051306,24,STY
2209,Ma-on,2022082412,24,TY
2312,KIROGI,2023090218,24,TS
2118,Kompasu,2021101306,24,STS
2310,DAMREY,2023082712,24,STS
2314,KOINU,2023093018,24,TY
2305,DOKSURI,2023072112,24,TS
2122,Rai,2021121700,24,STY
2222,Nalgae,2022102912,24,STS
2107,Cempaka,2021072018,24,TS
2014,Chan-hom,2020101100,24,TS
2307,LAN,2023081006,24,Super TY
2008,Bavi,2020082112,24,STS
2014,Chan-hom,2020100606,24,TY
2009,Maysak,2020083012,24,STY
2204,Aere,2022070118,24,TS
2010,Haishen,2020090406,24,Super TY
2302,MAWAR,2023052206,24,Super TY
2313,YUN-YEUNG,2023090612,24,TS
2212,Muifa,2022091000,24,STY
2309,SAOLA,2023090106,24,Super TY
2212,Muifa,2022091018,24,STY
2204,Aere,2022070318,24,TS
2214,Nanmadol,2022091818,24,TY
2113,Conson,2021091006,24,STS
2220,Nesat,2022101812,24,TY
2118,Kompasu,2021101212,24,TY
2004,Hagupit,2020080206,24,TY
2302,MAWAR,2023052406,24,Super TY
2214,Nanmadol,2022091506,24,Super TY
2301,SANVU,2023041900,24,TS
2114,Chanthu,2021091300,24,STY
2015,Linfa,2020100818,24,TS
2010,Haishen,2020090412,24,Super TY
2307,LAN,2023080812,24,STS
2106,In-fa,2021072506,24,TY
2111,Nida,2021080318,24,TS
2203,Chaba,2022062906,24,TS
2311,HAIKUI,2023090406,24,STS
2008,Bavi,2020082200,24,STS
2205,Songda,2022072900,24,TS
2023,Krovanh,2020122118,24,TS
2215,Talas,2022092306,24,TS
2203,Chaba,2022070406,24,TS
2116,Mindulle,2021092406,24,STY
2120,Malou,2021102606,24,STS
2105,Champi,2021062006,24,TS
2020,Atsani,2020110112,24,TS
2105,Champi,2021062612,24,STS
2312,KIROGI,2023090312,24,TS
2102,Surigae,2021041600,24,Super TY
2310,DAMREY,2023082318,24,TS
2009,Maysak,2020082906,24,TY
2106,In-fa,2021072906,24,TS
2106,In-fa,2021072100,24,STY
2209,Ma-on,2022082200,24,STS
2001,Vongfong,2020051312,24,STY
2023,Krovanh,2020122112,24,TS
2306,KHANUN,2023080600,24,STS
2021,Etau,2020110818,24,STS
2002,Nuri,2020061312,24,TS
2014,Chan-hom,2020100900,24,TY
2312,KIROGI,2023083018,24,STS
2103,Choi-wan,2021052918,24,TS
2101,Dujuan,2021021706,24,TS
2311,HAIKUI,2023083018,24,STS
2019,Goni,2020102812,24,TY
2003,Sinlaku,2020080106,24,TS
2302,MAWAR,2023060100,24,STS
2112,Omais,2021082200,24,STS
2309,SAOLA,2023082512,24,STY
2119,Namtheun,2021101518,24,TY
2011,Noul,2020091718,24,STS
2004,Hagupit,2020080400,24,STS
2101,Dujuan,2021021906,24,TS
2012,Dolphin,2020092218,24,STS
2220,Nesat,2022101806,24,STY
2201,Malakas,2022041406,24,STY
2210,Tokage,2022082406,24,STY
2107,Cempaka,2021072100,24,TS
2117,Lionrock,2021100706,24,TS
2019,Goni,2020102718,24,TS
2113,Conson,2021091212,24,TS
2014,Chan-hom,2020101112,24,TS
2103,Choi-wan,2021060200,24,TS
2311,HAIKUI,2023090906,24,TS
2108,Nepartak,2021072518,24,TS
2201,Malakas,2022040818,24,TS
2010,Haishen,2020090306,24,Super TY
2013,Kujira,2020092700,24,TS
2314,KOINU,2023100306,24,Super TY
2311,HAIKUI,2023090706,24,TS
2309,SAOLA,2023082906,24,Super TY
2014,Chan-hom,2020100600,24,STS
2106,In-fa,2021071718,24,TS
2306,KHANUN,2023080818,24,STS
2122,Rai,2021121712,24,Super TY
2213,Merbok,2022091306,24,TY
2114,Chanthu,2021091100,24,Super TY
2306,KHANUN,2023080906,24,STS
2022,Vamco,2020110818,24,TS
2011,Noul,2020091518,24,TS
2302,MAWAR,2023060118,24,STS
2020,Atsani,2020110306,24,TS
2108,Nepartak,2021072312,24,TS
2105,Champi,2021062118,24,TS
2102,Surigae,2021042012,24,Super TY
2019,Goni,2020102900,24,Super TY
2214,Nanmadol,2022091700,24,Super TY
2019,Goni,2020103118,24,Super TY
2010,Haishen,2020090618,24,STY
2102,Surigae,2021041906,24,Super TY
2113,Conson,2021090706,24,STS
2214,Nanmadol,2022091718,24,Super TY
2017,Saudel,2020102200,24,TY
2315,BOLAVEN,2023100918,24,STY
2306,KHANUN,2023080306,24,STY
2309,SAOLA,2023082306,24,TS
2306,KHANUN,2023080912,24,STS
2106,In-fa,2021072612,24,TS
2001,Vongfong,2020051618,24,TS
2005,Jangmi,2020080706,24,TS
2113,Conson,2021091100,24,STS
2215,Talas,2022092100,24,TS
2203,Chaba,2022063006,24,STS
2106,In-fa,2021072018,24,STY
2017,Saudel,2020102006,24,TS
2307,LAN,2023081406,24,TY
2004,Hagupit,2020080100,24,TS
2208,Meari,2022081212,24,TS
2116,Mindulle,2021092506,24,Super TY
2119,Namtheun,2021101112,24,TS
2022,Vamco,2020110918,24,STS
2311,HAIKUI,2023090400,24,STS
2001,Vongfong,2020051506,24,STS
2208,Meari,2022081218,24,TS
2122,Rai,2021121812,24,Super TY
2309,SAOLA,2023082412,24,TY
2209,Ma-on,2022082306,24,STS
2212,Muifa,2022091006,24,STY
2114,Chanthu,2021091600,24,STS
2009,Maysak,2020090112,24,Super TY
2023,Krovanh,2020122000,24,TS
2312,KIROGI,2023090118,24,TS
2225,Pakhar,2022121106,24,TS
2013,Kujira,2020092806,24,TY
2310,DAMREY,2023082406,24,TS
2304,TALIM,2023071512,24,STS
2205,Songda,2022073012,24,TS
2304,TALIM,2023071706,24,TY
2015,Linfa,2020100912,24,TS
2308,DORA,2023081406,24,TS
2114,Chanthu,2021091000,24,Super TY
2102,Surigae,2021041806,24,Super TY
2222,Nalgae,2022103100,24,TY
2306,KHANUN,2023072806,24,TS
2216,Noru,2022092800,24,TY
2016,Nangka,2020101200,24,TS
2121,Nyatoh,2021112912,24,TS
2005,Jangmi,2020080818,24,TS
2122,Rai,2021121600,24,Super TY
2121,Nyatoh,2021120118,24,Super TY
2102,Surigae,2021042200,24,STY
2008,Bavi,2020082500,24,STY
2114,Chanthu,2021090818,24,Super TY
2023,Krovanh,2020122106,24,TS
2012,Dolphin,2020092106,24,STS
2305,DOKSURI,2023072500,24,Super TY
2214,Nanmadol,2022091400,24,STS
2021,Etau,2020111000,24,TS
2305,DOKSURI,2023072712,24,Super TY
2117,Lionrock,2021100618,24,TS
2116,Mindulle,2021092912,24,Super TY
2218,Roke,2022092900,24,TY
2311,HAIKUI,2023090606,24,TS
2014,Chan-hom,2020101318,24,TS
2103,Choi-wan,2021060100,24,TS
2113,Conson,2021091012,24,STS
2004,Hagupit,2020080312,24,STY
2010,Haishen,2020090518,24,Super TY
2001,Vongfong,2020051612,24,TS
2305,DOKSURI,2023072800,24,STY
2114,Chanthu,2021090806,24,Super TY
2209,Ma-on,2022082406,24,TY
2206,Trases,2022073006,24,TS
2019,Goni,2020110418,24,TS
2022,Vamco,2020111306,24,STY
2304,TALIM,2023071306,24,TS
2309,SAOLA,2023083100,24,Super TY
2119,Namtheun,2021101612,24,STS
2014,Chan-hom,2020100712,24,TY
2306,KHANUN,2023081012,24,TS
2122,Rai,2021121218,24,TS
2223,Banyan,2022103006,24,TS
2007,Higos,2020081800,24,TY
2305,DOKSURI,2023072612,24,Super TY
2020,Atsani,2020110606,24,STS
2109,Lupit,2021080300,24,TS
2121,Nyatoh,2021120112,24,STY
2212,Muifa,2022091212,24,STY
2001,Vongfong,2020051600,24,TS
2019,Goni,2020102706,24,TS
2222,Nalgae,2022103118,24,TY
2314,KOINU,2023100318,24,Super TY
2113,Conson,2021091000,24,STS
2023,Krovanh,2020121912,24,TS
2309,SAOLA,2023090218,24,TS
2113,Conson,2021090818,24,STS
2306,KHANUN,2023080118,24,Super TY
2117,Lionrock,2021100612,24,TS
2106,In-fa,2021072212,24,STY
2011,Noul,2020091506,24,TS
2114,Chanthu,2021091200,24,Super TY
2206,Trases,2022073106,24,TS
2303,GUCHOL,2023060906,24,STY
2122,Rai,2021121512,24,Super TY
2201,Malakas,2022041412,24,STY
2303,GUCHOL,2023061106,24,TY
2120,Malou,2021102500,24,TS
2212,Muifa,2022090918,24,STY
2102,Surigae,2021041400,24,TS
2209,Ma-on,2022082318,24,TY
2020,Atsani,2020103118,24,TS
2014,Chan-hom,2020100418,24,TS
2111,Nida,2021080406,24,TS
2121,Nyatoh,2021113018,24,TY
2020,Atsani,2020110212,24,TS
2102,Surigae,2021042312,24,STS
2101,Dujuan,2021021918,24,TS
2006,Mekkhala,2020080906,24,TS
2022,Vamco,2020111006,24,TY
2011,Noul,2020091600,24,TS
2114,Chanthu,2021091306,24,STY
2016,Nangka,2020101218,24,STS
2009,Maysak,2020082806,24,STS
2211,Hinnamnor,2022090212,24,STY
2105,Champi,2021062012,24,TS
2314,KOINU,2023100418,24,Super TY
2301,SANVU,2023041906,24,TS
2204,Aere,2022070100,24,TS
2013,Kujira,2020092800,24,STS
2118,Kompasu,2021100806,24,TS
2303,GUCHOL,2023060912,24,STY
2302,MAWAR,2023052612,24,Super TY
2116,Mindulle,2021093000,24,STY
2302,MAWAR,2023052906,24,STY
2305,DOKSURI,2023072212,24,TY
2311,HAIKUI,2023083112,24,TY
2013,Kujira,2020092712,24,STS
2203,Chaba,2022062918,24,STS
2311,HAIKUI,2023090800,24,TS
2221,Haitang,2022101706,24,TS
2106,In-fa,2021072300,24,TY
2017,Saudel,2020102012,24,STS
2116,Mindulle,2021092500,24,Super TY
2113,Conson,2021091118,24,TS
2010,Haishen,2020090318,24,Super TY
2119,Namtheun,2021101606,24,TY
2213,Merbok,2022091400,24,TY
2102,Surigae,2021042106,24,Super TY
2217,Kulap,2022092606,24,STS
2211,Hinnamnor,2022090106,24,Super TY
2311,HAIKUI,2023090612,24,TS
2212,Muifa,2022090718,24,STS
2017,Saudel,2020102218,24,TY
2105,Champi,2021062206,24,TS
2212,Muifa,2022091412,24,TY
2216,Noru,2022092412,24,Super TY
2106,In-fa,2021072000,24,STY
2111,Nida,2021080412,24,TS
2114,Chanthu,2021090612,24,STY
2222,Nalgae,2022102706,24,TS
2114,Chanthu,2021091506,24,STS
2005,Jangmi,2020080918,24,TS
2007,Higos,2020081700,24,TS
2018,Molave,2020102418,24,TY
2220,Nesat,2022101706,24,STY
2008,Bavi,2020082606,24,STY
2121,Nyatoh,2021120100,24,TY
2305,DOKSURI,2023072406,24,Super TY
2222,Nalgae,2022102718,24,STS
2113,Conson,2021091112,24,TS
2306,KHANUN,2023080606,24,STS
2106,In-fa,2021072312,24,TY
2023,Krovanh,2020121812,24,TS
2222,Nalgae,2022102906,24,STS
2022,Vamco,2020110900,24,TS
2020,Atsani,2020110406,24,STS
2302,MAWAR,2023052306,24,Super TY
2314,KOINU,2023092900,24,TS
2311,HAIKUI,2023083000,24,STS
2211,Hinnamnor,2022090118,24,Super TY
2223,Banyan,2022102900,24,TS
2108,Nepartak,2021072500,24,TS
2312,KIROGI,2023090418,24,TS
2014,Chan-hom,2020101512,24,TS
2204,Aere,2022070206,24,TS
2122,Rai,2021121312,24,STS
2121,Nyatoh,2021120212,24,Super TY
2217,Kulap,2022092812,24,TY
2220,Nesat,2022101800,24,STY
2115,Dianmu,2021092406,24,TS
2005,Jangmi,2020080718,24,TS
2014,Chan-hom,2020101212,24,TS
2314,KOINU,2023100218,24,Super TY
2112,Omais,2021081912,24,TS
2114,Chanthu,2021091612,24,STS
2112,Omais,2021082206,24,TS
2304,TALIM,2023071700,24,TY
2107,Cempaka,2021072200,24,TS
2120,Malou,2021102412,24,TS
2102,Surigae,2021042212,24,STY
2316,SANBA,2023101800,24,TS
2013,Kujira,2020092718,24,STS
2108,Nepartak,2021072406,24,TS
2303,GUCHOL,2023061012,24,TY
2110,Mirinae,2021080618,24,TS
2019,Goni,2020110306,24,TS
2022,Vamco,2020111206,24,TY
2305,DOKSURI,2023072600,24,Super TY
2211,Hinnamnor,2022090500,24,Super TY
2110,Mirinae,2021080506,24,TS
2309,SAOLA,2023090112,24,Super TY
2101,Dujuan,2021021818,24,TS
2107,Cempaka,2021071718,24,TS
2122,Rai,2021121306,24,STS
2112,Omais,2021082212,24,TS
2018,Molave,2020102600,24,STY
2204,Aere,2022063012,24,TS
2001,Vongfong,2020051406,24,STY
2106,In-fa,2021072706,24,TS
2202,Megi,2022041018,24,TS
2313,YUN-YEUNG,2023090512,24,TS
2305,DOKSURI,2023072506,24,Super TY
2220,Nesat,2022101700,24,STY
2023,Krovanh,2020121918,24,TS
2310,DAMREY,2023082612,24,STS
2020,Atsani,2020110512,24,STS
2314,KOINU,2023100100,24,STY
2219,Sonca,2022101312,24,TS
2001,Vongfong,2020051212,24,TY
2019,Goni,2020103106,24,Super TY
2314,KOINU,2023100412,24,Super TY
2005,Jangmi,2020080912,24,TS
2117,Lionrock,2021100700,24,TS
2316,SANBA,2023101718,24,TS
2305,DOKSURI,2023072118,24,TS
2203,Chaba,2022070118,24,TY
2118,Kompasu,2021101300,24,TY
2312,KIROGI,2023090306,24,TS
2214,Nanmadol,2022091518,24,Super TY
2213,Merbok,2022091106,24,TS
2207,Mulan,2022080900,24,TS
2023,Krovanh,2020122218,24,TS
2022,Vamco,2020110906,24,TS
2222,Nalgae,2022102900,24,STS
2310,DAMREY,2023082512,24,STS
2306,KHANUN,2023081006,24,TS
2203,Chaba,2022070212,24,STS
2203,Chaba,2022070106,24,TY
2014,Chan-hom,2020101206,24,TS
2306,KHANUN,2023080918,24,STS
2305,DOKSURI,2023072812,24,TS
2106,In-fa,2021072106,24,STY
2014,Chan-hom,2020100918,24,STS
2305,DOKSURI,2023072512,24,Super TY
2303,GUCHOL,2023060700,24,STS
2105,Champi,2021062400,24,STS
2306,KHANUN,2023080318,24,TY
2116,Mindulle,2021092518,24,Super TY
2119,Namtheun,2021101300,24,TS
2208,Meari,2022081006,24,TS
2303,GUCHOL,2023060712,24,TY
2001,Vongfong,2020051700,24,TS
2120,Malou,2021102318,24,TS
2117,Lionrock,2021100806,24,TS
2020,Atsani,2020102900,24,TS
2012,Dolphin,2020092006,24,TS
2216,Noru,2022092218,24,TS
2211,Hinnamnor,2022090100,24,Super TY
2308,DORA,2023081818,24,TS
2307,LAN,2023081300,24,TY
2214,Nanmadol,2022091318,24,STS
2115,Dianmu,2021092318,24,TS
2302,MAWAR,2023052400,24,Super TY
2020,Atsani,2020110612,24,STS
2114,Chanthu,2021090600,24,STS
2223,Banyan,2022102906,24,TS
2109,Lupit,2021080406,24,TS
2203,Chaba,2022070218,24,TS
2309,SAOLA,2023090118,24,STY
2014,Chan-hom,2020101000,24,STS
2118,Kompasu,2021101006,24,TS
2213,Merbok,2022091300,24,TY
2208,Meari,2022081106,24,TS
2104,Koguma,2021061100,24,TS
2113,Conson,2021090618,24,STS
2111,Nida,2021080418,24,TS
2106,In-fa,2021071706,24,TS
2302,MAWAR,2023053012,24,TY
2004,Hagupit,2020080112,24,TS
2306,KHANUN,2023072612,24,TS
2117,Lionrock,2021100906,24,TS
2311,HAIKUI,2023090600,24,TS
2302,MAWAR,2023052212,24,Super TY
2102,Surigae,2021042306,24,STS
2010,Haishen,2020090500,24,Super TY
2306,KHANUN,2023073012,24,Super TY
2311,HAIKUI,2023090418,24,TS
2207,Mulan,2022081000,24,TS
2316,SANBA,2023101706,24,TS
2017,Saudel,2020102400,24,STS
2020,Atsani,2020110518,24,STS
2315,BOLAVEN,2023100800,24,STS
2022,Vamco,2020111500,24,STS
2107,Cempaka,2021072218,24,TS
2122,Rai,2021121718,24,Super TY
2101,Dujuan,2021021800,24,TS
2302,MAWAR,2023052012,24,STS
2208,Meari,2022081206,24,TS
2314,KOINU,2023100300,24,Super TY
2311,HAIKUI,2023082712,24,TS
2119,Namtheun,2021100918,24,TS
2308,DORA,2023081900,24,TS
2223,Banyan,2022102818,24,TS
2118,Kompasu,2021101118,24,STS
2313,YUN-YEUNG,2023090718,24,TS
2014,Chan-hom,2020100700,24,TY
2004,Hagupit,2020080106,24,TS
2111,Nida,2021080600,24,STS
2105,Champi,2021062300,24,TS
2115,Dianmu,2021092418,24,TS
2102,Surigae,2021041918,24,Super TY
2006,Mekkhala,2020080918,24,STS
2019,Goni,2020102818,24,STY
2315,BOLAVEN,2023101112,24,Super TY
2309,SAOLA,2023082518,24,Super TY
2007,Higos,2020081618,24,TS
2114,Chanthu,2021091512,24,STS
2119,Namtheun,2021101418,24,STS
2108,Nepartak,2021072706,24,TS
2307,LAN,2023081106,24,Super TY
2212,Muifa,2022091312,24,STY
2109,Lupit,2021080212,24,TS
2106,In-fa,2021071900,24,STS
2105,Champi,2021062518,24,TY
2211,Hinnamnor,2022083006,24,Super TY
2004,Hagupit,2020080412,24,TS
2304,TALIM,2023071718,24,STS
2111,Nida,2021080506,24,STS
2020,Atsani,2020110506,24,STS
2002,Nuri,2020061300,24,TS
2310,DAMREY,2023082700,24,STS
2201,Malakas,2022041100,24,TY
2001,Vongfong,2020051100,24,TS
2222,Nalgae,2022102618,24,TS
2315,BOLAVEN,2023101006,24,Super TY
2203,Chaba,2022070306,24,TS
2113,Conson,2021090812,24,STS
2007,Higos,2020081606,24,TS
2012,Dolphin,2020092118,24,STS
2019,Goni,2020102618,24,TS
2019,Goni,2020110506,24,TS
2107,Cempaka,2021072306,24,TS
2206,Trases,2022073018,24,TS
2218,Roke,2022092806,24,TY
2105,Champi,2021062112,24,TS
2308,DORA,2023081318,24,STS
2201,Malakas,2022041212,24,STY
2020,Atsani,2020110412,24,STS
2017,Saudel,2020102412,24,STS
2004,Hagupit,2020080118,24,STS
2014,Chan-hom,2020101500,24,TS
2212,Muifa,2022091300,24,STY
2009,Maysak,2020090118,24,STY
2302,MAWAR,2023052000,24,STS
2119,Namtheun,2021101312,24,TS
2311,HAIKUI,2023083012,24,STS
2302,MAWAR,2023052800,24,Super TY
2118,Kompasu,2021101106,24,STS
2107,Cempaka,2021071900,24,TY
2204,Aere,2022070300,24,TS
2107,Cempaka,2021072312,24,TS
2018,Molave,2020102318,24,TS
2308,DORA,2023081806,24,TS
2224,Yamaneko,2022111312,24,TS
2013,Kujira,2020092600,24,TS
2302,MAWAR,2023052718,24,Super TY
2106,In-fa,2021071612,24,TS
2212,Muifa,2022091218,24,STY
2114,Chanthu,2021090912,24,Super TY
2218,Roke,2022093012,24,STS
2306,KHANUN,2023080700,24,STS
2304,TALIM,2023071606,24,TY
2313,YUN-YEUNG,2023090506,24,TS
2110,Mirinae,2021080600,24,TS
2122,Rai,2021121418,24,Super TY
2010,Haishen,2020090612,24,STY
2103,Choi-wan,2021060118,24,TS
2307,LAN,2023080712,24,TS
2101,Dujuan,2021021712,24,TS
2309,SAOLA,2023083012,24,Super TY
2108,Nepartak,2021072300,24,TS
2309,SAOLA,2023083118,24,Super TY
2303,GUCHOL,2023061018,24,TY
2311,HAIKUI,2023090718,24,TS
2019,Goni,2020103012,24,Super TY
2007,Higos,2020081812,24,TY
2217,Kulap,2022092700,24,STS
2202,Megi,2022040906,24,TS
2313,YUN-YEUNG,2023090618,24,TS
2106,In-fa,2021072218,24,STY
2201,Malakas,2022040900,24,STS
2009,Maysak,2020082818,24,TY
2201,Malakas,2022041012,24,STS
2021,Etau,2020110806,24,TS
2022,Vamco,2020110812,24,TS
2110,Mirinae,2021080400,24,TS
2120,Malou,2021102700,24,TY
2201,Malakas,2022041112,24,TY
2206,Trases,2022073000,24,TS
2103,Choi-wan,2021060306,24,TS
2115,Dianmu,2021092312,24,TS
2014,Chan-hom,2020101218,24,TS
2211,Hinnamnor,2022083000,24,Super TY
2312,KIROGI,2023083112,24,STS
2105,Champi,2021062312,24,TS
2307,LAN,2023081606,24,TS
2111,Nida,2021080500,24,STS
2105,Champi,2021062418,24,TY
2306,KHANUN,2023072818,24,STS
2201,Malakas,2022041300,24,Super TY
2310,DAMREY,2023082518,24,STS
2113,Conson,2021090712,24,STS
2208,Meari,2022081112,24,TS
2015,Linfa,2020101012,24,TS
2308,DORA,2023081400,24,TS
2314,KOINU,2023093000,24,STS
2201,Malakas,2022041418,24,TY
2122,Rai,2021121506,24,Super TY
2316,SANBA,2023101700,24,TS
2014,Chan-hom,2020100500,24,TS
2207,Mulan,2022080906,24,TS
2307,LAN,2023080818,24,TY
2119,Namtheun,2021101106,24,TS
2109,Lupit,2021080606,24,TS
2220,Nesat,2022101512,24,TY
2003,Sinlaku,2020080200,24,TS
2309,SAOLA,2023082812,24,Super TY
2309,SAOLA,2023082506,24,STY
2107,Cempaka,2021071918,24,TY
2309,SAOLA,2023083112,24,Super TY
2019,Goni,2020102912,24,Super TY
2315,BOLAVEN,2023100818,24,STS
2213,Merbok,2022091218,24,TY
2014,Chan-hom,2020101312,24,TS
2116,Mindulle,2021093018,24,STY
2302,MAWAR,2023051918,24,TS
2012,Dolphin,2020092000,24,TS
2302,MAWAR,2023053006,24,TY
2214,Nanmadol,2022091812,24,STY
2008,Bavi,2020082300,24,TY
2315,BOLAVEN,2023101212,24,Super TY
2013,Kujira,2020092706,24,TS
2214,Nanmadol,2022091218,24,TS
2023,Krovanh,2020121806,24,TS
2224,Yamaneko,2022111206,24,TS
2206,Trases,2022073012,24,TS
2116,Mindulle,2021092418,24,STY
2209,Ma-on,2022082112,24,TS
2102,Surigae,2021041312,24,TS
2012,Dolphin,2020092112,24,STS
2203,Chaba,2022070100,24,TY
2121,Nyatoh,2021112918,24,STS
2218,Roke,2022092800,24,STS
2108,Nepartak,2021072512,24,TS
2010,Haishen,2020090700,24,TY
2110,Mirinae,2021080318,24,TS
2015,Linfa,2020100800,24,TS
2118,Kompasu,2021100906,24,TS
2317,JELAWAT,2023121618,24,TS
2315,BOLAVEN,2023101300,24,Super TY
2220,Nesat,2022101712,24,STY
2303,GUCHOL,2023061006,24,STY
2210,Tokage,2022082100,24,TS
2110,Mirinae,2021080606,24,TS
2210,Tokage,2022082200,24,STS
2311,HAIKUI,2023090218,24,STY
2014,Chan-hom,2020100518,24,STS
2311,HAIKUI,2023090112,24,STY
2120,Malou,2021102306,24,TS
2305,DOKSURI,2023072700,24,Super TY
2106,In-fa,2021071800,24,STS
2022,Vamco,2020111318,24,STY
2102,Surigae,2021041618,24,Super TY
2315,BOLAVEN,2023101312,24,STY
2118,Kompasu,2021101206,24,TY
2301,SANVU,2023042012,24,TS
2212,Muifa,2022091118,24,STY
2314,KOINU,2023100206,24,Super TY
2309,SAOLA,2023082612,24,Super TY
2019,Goni,2020103018,24,Super TY
2010,Haishen,2020090312,24,Super TY
2114,Chanthu,2021091018,24,Super TY
2210,Tokage,2022082318,24,STY
2222,Nalgae,2022110200,24,STS
2205,Songda,2022080100,24,TS
2104,Koguma,2021061112,24,TS
2116,Mindulle,2021092212,24,TS
2306,KHANUN,2023080900,24,STS
2314,KOINU,2023100612,24,STY
2223,Banyan,2022102812,24,TS
2314,KOINU,2023100818,24,TY
2018,Molave,2020102400,24,TS
2008,Bavi,2020082506,24,STY
2114,Chanthu,2021091500,24,STS
2311,HAIKUI,2023090812,24,TS
2310,DAMREY,2023082400,24,TS
2013,Kujira,2020092812,24,TY
2006,Mekkhala,2020080900,24,TS
2122,Rai,2021121800,24,Super TY
2121,Nyatoh,2021120206,24,Super TY
2109,Lupit,2021080318,24,TS
2212,Muifa,2022091012,24,STY
2305,DOKSURI,2023072218,24,TY
2204,Aere,2022070406,24,TS
2315,BOLAVEN,2023101118,24,Super TY
2023,Krovanh,2020122300,24,TS
2003,Sinlaku,2020080100,24,TS
2306,KHANUN,2023080718,24,STS
2204,Aere,2022070400,24,TS
2011,Noul,2020091706,24,STS
2103,Choi-wan,2021053000,24,TS
2001,Vongfong,2020051118,24,TS
2315,BOLAVEN,2023101012,24,Super TY
2122,Rai,2021121318,24,TY
2110,Mirinae,2021080512,24,TS
2311,HAIKUI,2023090712,24,TS
2109,Lupit,2021080618,24,TS
2101,Dujuan,2021021806,24,TS
2204,Aere,2022070200,24,TS
2121,Nyatoh,2021112906,24,TS
2303,GUCHOL,2023060612,24,STS
2015,Linfa,2020101100,24,TS
2020,Atsani,2020110312,24,STS
2302,MAWAR,2023053018,24,TY
2109,Lupit,2021080500,24,TS
2114,Chanthu,2021090518,24,TS
2208,Meari,2022081000,24,TS
2020,Atsani,2020103000,24,TS
2106,In-fa,2021072400,24,TY
2022,Vamco,2020111412,24,STY
2102,Surigae,2021041500,24,TY
2307,LAN,2023081506,24,STS
2108,Nepartak,2021073000,24,TS
2106,In-fa,2021072700,24,TS
2103,Choi-wan,2021060212,24,TS
2308,DORA,2023081300,24,TY
2010,Haishen,2020090106,24,STS
2113,Conson,2021090906,24,STS
2214,Nanmadol,2022091612,24,Super TY
2214,Nanmadol,2022091618,24,Super TY
2313,YUN-YEUNG,2023090706,24,TS
2312,KIROGI,2023083106,24,STS
2215,Talas,2022092112,24,TS
2307,LAN,2023081206,24,STY
2011,Noul,2020091618,24,STS
2112,Omais,2021082018,24,STS
2110,Mirinae,2021080800,24,STS
2222,Nalgae,2022103006,24,STS
2020,Atsani,2020110218,24,TS
2018,Molave,2020102412,24,TY
2005,Jangmi,2020080800,24,TS
2105,Champi,2021062512,24,TY
2015,Linfa,2020101000,24,TS
2019,Goni,2020110212,24,TS
2119,Namtheun,2021101006,24,TS
2019,Goni,2020103000,24,Super TY
2017,Saudel,2020101906,24,TS
2014,Chan-hom,2020100412,24,TS
2113,Conson,2021090918,24,STS
2117,Lionrock,2021100812,24,TS
2107,Cempaka,2021071800,24,TS
2005,Jangmi,2020080812,24,TS
2312,KIROGI,2023090400,24,TS
2114,Chanthu,2021090718,24,Super TY
2309,SAOLA,2023083018,24,Super TY
2020,Atsani,2020110100,24,TS
2116,Mindulle,2021092218,24,TS
2019,Goni,2020110300,24,TS
2217,Kulap,2022092818,24,TY
2217,Kulap,2022092612,24,STS
2310,DAMREY,2023082312,24,TS
2302,MAWAR,2023052912,24,STY
2003,Sinlaku,2020073112,24,TS
2008,Bavi,2020082512,24,STY
2106,In-fa,2021071918,24,TY
2302,MAWAR,2023052500,24,Super TY
2317,JELAWAT,2023121606,24,TS
2214,Nanmadol,2022091606,24,Super TY
2116,Mindulle,2021092300,24,TS
2001,Vongfong,2020050906,24,TS
2222,Nalgae,2022102918,24,STS
2302,MAWAR,2023052118,24,STY
2102,Surigae,2021042000,24,Super TY
2213,Merbok,2022091312,24,TY
2306,KHANUN,2023080712,24,STS
2308,DORA,2023081712,24,TS
2211,Hinnamnor,2022082718,24,STS
2106,In-fa,2021072818,24,TS
2306,KHANUN,2023072906,24,TY
2211,Hinnamnor,2022082806,24,TY
2101,Dujuan,2021022118,24,TS
2022,Vamco,2020111212,24,STY
2314,KOINU,2023100212,24,Super TY
2212,Muifa,2022091306,24,STY
2102,Surigae,2021042006,24,Super TY
2315,BOLAVEN,2023101100,24,Super TY
2304,TALIM,2023071612,24,TY
2119,Namtheun,2021100906,24,TS
2101,Dujuan,2021021812,24,TS
2307,LAN,2023080806,24,STS
2302,MAWAR,2023052300,24,Super TY
2008,Bavi,2020082218,24,TY
2223,Banyan,2022103000,24,TS
2302,MAWAR,2023052606,24,Super TY
2122,Rai,2021122006,24,STS
2019,Goni,2020102906,24,Super TY
2108,Nepartak,2021072806,24,TS
2107,Cempaka,2021072206,24,TS
2010,Haishen,2020090100,24,STS
2208,Meari,2022081100,24,TS
2002,Nuri,2020061106,24,TS
2107,Cempaka,2021072300,24,TS
2201,Malakas,2022041312,24,Super TY
2222,Nalgae,2022103018,24,TY
2119,Namtheun,2021101306,24,TS
2022,Vamco,2020110912,24,STS
2008,Bavi,2020082400,24,TY
2105,Champi,2021062406,24,STS
2309,SAOLA,2023082300,24,TS
2019,Goni,2020102918,24,Super TY
2109,Lupit,2021080612,24,TS
2001,Vongfong,2020051218,24,STY
2119,Namtheun,2021101206,24,TS
2218,Roke,2022092906,24,TY
2023,Krovanh,2020122318,24,TS
2002,Nuri,2020061200,24,TS
2225,Pakhar,2022121018,24,TS
2122,Rai,2021121606,24,Super TY
2310,DAMREY,2023082506,24,TS
2311,HAIKUI,2023090206,24,STY
2211,Hinnamnor,2022090206,24,TY
2016,Nangka,2020101118,24,TS
2022,Vamco,2020111400,24,STY
2302,MAWAR,2023052506,24,Super TY
2305,DOKSURI,2023072912,24,TS
2225,Pakhar,2022121200,24,TS
2019,Goni,2020110100,24,Super TY
2306,KHANUN,2023080506,24,STS
2021,Etau,2020110912,24,STS
2201,Malakas,2022041106,24,TY
2114,Chanthu,2021090812,24,Super TY
2314,KOINU,2023093006,24,TY
2106,In-fa,2021071700,24,TS
2217,Kulap,2022092806,24,TY
2309,SAOLA,2023082618,24,Super TY
2014,Chan-hom,2020101518,24,TS
2020,Atsani,2020103012,24,TS
2220,Nesat,2022101606,24,TY
2223,Banyan,2022102918,24,TS
2223,Banyan,2022103100,24,TS
2009,Maysak,2020090206,24,STY
2110,Mirinae,2021080412,24,TS
2014,Chan-hom,2020100800,24,TY
2007,Higos,2020081612,24,TS
2114,Chanthu,2021091418,24,STS
2303,GUCHOL,2023060618,24,STS
2106,In-fa,2021072500,24,TY
2211,Hinnamnor,2022090200,24,STY
2222,Nalgae,2022103012,24,TY
2306,KHANUN,2023080218,24,STY
2119,Namtheun,2021101000,24,TS
2209,Ma-on,2022082218,24,STS
2122,Rai,2021121406,24,TY
2315,BOLAVEN,2023101218,24,Super TY
2018,Molave,2020102512,24,TY
2105,Champi,2021062106,24,TS
2205,Songda,2022073018,24,TS
2202,Megi,2022040918,24,TS
2109,Lupit,2021080412,24,TS
2121,Nyatoh,2021113000,24,STS
2201,Malakas,2022041218,24,Super TY
2117,Lionrock,2021100818,24,TS
2001,Vongfong,2020051512,24,STS
2306,KHANUN,2023081000,24,TS
2118,Kompasu,2021101218,24,TY
2314,KOINU,2023100118,24,Super TY
2018,Molave,2020102612,24,STY
2311,HAIKUI,2023082706,24,TS
2312,KIROGI,2023090106,24,TS
2014,Chan-hom,2020100706,24,TY
2002,Nuri,2020061306,24,TS
2122,Rai,2021121918,24,STY
2020,Atsani,2020103112,24,TS
2101,Dujuan,2021022100,24,TS
2116,Mindulle,2021092612,24,Super TY
2203,Chaba,2022070112,24,TY
2210,Tokage,2022082112,24,TS
2017,Saudel,2020102318,24,TY
2116,Mindulle,2021092712,24,STY
2203,Chaba,2022070200,24,TY
2014,Chan-hom,2020100406,24,TS
2218,Roke,2022093000,24,TY
2114,Chanthu,2021090906,24,Super TY
2218,Roke,2022092912,24,TY
2103,Choi-wan,2021052900,24,TS
2116,Mindulle,2021092918,24,Super TY
2119,Namtheun,2021100900,24,TS
2108,Nepartak,2021072718,24,TS
2019,Goni,2020110318,24,TS
2309,SAOLA,2023082712,24,Super TY
2306,KHANUN,2023072606,24,TS
2201,Malakas,2022041306,24,Super TY
2311,HAIKUI,2023083100,24,TY
2022,Vamco,2020110806,24,TS
2008,Bavi,2020082600,24,STY
2211,Hinnamnor,2022090218,24,STY
2302,MAWAR,2023053000,24,TY
2222,Nalgae,2022102612,24,TS
2301,SANVU,2023042000,24,TS
2204,Aere,2022063000,24,TS
2306,KHANUN,2023080212,24,STY
2308,DORA,2023081306,24,STS
2211,Hinnamnor,2022090306,24,Super TY
2203,Chaba,2022070300,24,TS
2020,Atsani,2020110200,24,TS
2019,Goni,2020102712,24,TS
2103,Choi-wan,2021053012,24,TS
2019,Goni,2020102806,24,STS
2301,SANVU,2023042106,24,TS
2210,Tokage,2022082212,24,TY
2116,Mindulle,2021092812,24,Super TY
2101,Dujuan,2021022018,24,TS
2012,Dolphin,2020092100,24,STS
2218,Roke,2022093006,24,TY
2208,Meari,2022081300,24,TS
2009,Maysak,2020082918,24,STY
2211,Hinnamnor,2022082818,24,Super TY
2307,LAN,2023081318,24,TY
2309,SAOLA,2023090206,24,STS
2216,Noru,2022092312,24,STY
2308,DORA,2023082006,24,TS
2013,Kujira,2020092818,24,TY
2002,Nuri,2020061218,24,TS
2205,Songda,2022072912,24,TS
2303,GUCHOL,2023060818,24,STY
2315,BOLAVEN,2023100812,24,STS
2010,Haishen,2020090218,24,STY
2207,Mulan,2022080812,24,TS
2020,Atsani,2020110600,24,STS
2103,Choi-wan,2021060218,24,TS
2113,Conson,2021090518,24,STS
2310,DAMREY,2023082606,24,STS
2305,DOKSURI,2023072418,24,Super TY
2217,Kulap,2022092718,24,TY
2115,Dianmu,2021092300,24,TS
2001,Vongfong,2020051500,24,TY
2102,Surigae,2021041718,24,Super TY
2224,Yamaneko,2022111212,24,TS
2120,Malou,2021102712,24,TY
2214,Nanmadol,2022091706,24,Super TY
2013,Kujira,2020092612,24,TS
2108,Nepartak,2021072618,24,TS
2315,BOLAVEN,2023100718,24,STS
2114,Chanthu,2021091206,24,STY
2018,Molave,2020102500,24,TY
2307,LAN,2023081212,24,TY
2305,DOKSURI,2023072818,24,TS
2119,Namtheun,2021101218,24,TS
2122,Rai,2021121400,24,TY
2314,KOINU,2023100600,24,STY
2102,Surigae,2021041606,24,Super TY
2303,GUCHOL,2023060806,24,TY
2314,KOINU,2023100806,24,STY
2209,Ma-on,2022082106,24,TS
2020,Atsani,2020110300,24,TS
2306,KHANUN,2023080100,24,Super TY
2017,Saudel,2020102300,24,TY
2002,Nuri,2020061012,24,TS
2314,KOINU,2023100512,24,STY
2101,Dujuan,2021021900,24,TS
2021,Etau,2020111006,24,TS
2315,BOLAVEN,2023101000,24,Super TY
2309,SAOLA,2023082900,24,Super TY
2113,Conson,2021091200,24,TS
2302,MAWAR,2023052412,24,Super TY
2214,Nanmadol,2022091312,24,TS
2015,Linfa,2020100706,24,TS
2118,Kompasu,2021100918,24,TS
2203,Chaba,2022070400,24,TS
2305,DOKSURI,2023072400,24,Super TY
2014,Chan-hom,2020101118,24,TS
2115,Dianmu,2021092206,24,TS
2202,Megi,2022041012,24,TS
2110,Mirinae,2021080712,24,TS
2216,Noru,2022092206,24,TS
2105,Champi,2021062412,24,TY
2216,Noru,2022092400,24,Super TY
2108,Nepartak,2021073006,24,TS
2102,Surigae,2021042100,24,Super TY
2309,SAOLA,2023082800,24,STY
2317,JELAWAT,2023121612,24,TS
2308,DORA,2023082012,24,TS
2020,Atsani,2020110400,24,STS
2308,DORA,2023081506,24,TS
2212,Muifa,2022090900,24,TY
2015,Linfa,2020100712,24,TS
2109,Lupit,2021080512,24,TS
2121,Nyatoh,2021120218,24,Super TY
2110,Mirinae,2021080306,24,TS
2012,Dolphin,2020092206,24,STS
2117,Lionrock,2021100900,24,TS
2214,Nanmadol,2022091412,24,TY
2002,Nuri,2020061006,24,TS
2310,DAMREY,2023082418,24,TS
2102,Surigae,2021041406,24,STS
2309,SAOLA,2023083000,24,Super TY
2305,DOKSURI,2023073000,24,TS
2210,Tokage,2022082400,24,STY
2103,Choi-wan,2021053018,24,TS
2011,Noul,2020091712,24,STS
2306,KHANUN,2023073106,24,Super TY
2108,Nepartak,2021072918,24,TS
2010,Haishen,2020090200,24,TY
2103,Choi-wan,2021053006,24,TS
2119,Namtheun,2021101618,24,TS
2310,DAMREY,2023082306,24,TS
2018,Molave,2020102506,24,TY
2120,Malou,2021102812,24,TY
2309,SAOLA,2023082918,24,Super TY
2106,In-fa,2021071618,24,TS
2222,Nalgae,2022102606,24,TS
2004,Hagupit,2020080200,24,STS
2023,Krovanh,2020122012,24,TS
2302,MAWAR,2023052818,24,STY
2116,Mindulle,2021092806,24,Super TY
2302,MAWAR,2023052100,24,TY
2106,In-fa,2021072012,24,STY
2219,Sonca,2022101406,24,TS
2222,Nalgae,2022102800,24,STS
2109,Lupit,2021080600,24,TS
2108,Nepartak,2021072600,24,TS
2301,SANVU,2023042112,24,TS
2010,Haishen,2020090212,24,STY
2217,Kulap,2022092600,24,STS
2304,TALIM,2023071418,24,TS
2308,DORA,2023081212,24,TY
2111,Nida,2021080612,24,STS
2102,Surigae,2021041306,24,TS
2222,Nalgae,2022102806,24,STS
2013,Kujira,2020092606,24,TS
2017,Saudel,2020102212,24,TY
2222,Nalgae,2022102700,24,TS
2109,Lupit,2021080506,24,TS
2014,Chan-hom,2020100718,24,TY
2008,Bavi,2020082418,24,STY
2213,Merbok,2022091112,24,TS
2217,Kulap,2022092506,24,TS
2118,Kompasu,2021100900,24,TS
2116,Mindulle,2021092800,24,Super TY
2121,Nyatoh,2021113006,24,STS
2317,JELAWAT,2023121600,24,TS
2314,KOINU,2023100718,24,STY
2312,KIROGI,2023083006,24,STS
2304,TALIM,2023071412,24,TS
2305,DOKSURI,2023072900,24,TS
2314,KOINU,2023100112,24,Super TY
2112,Omais,2021082006,24,TS
2311,HAIKUI,2023090500,24,TS
2302,MAWAR,2023052112,24,STY
2202,Megi,2022041006,24,TS
2313,YUN-YEUNG,2023090500,24,TS
2211,Hinnamnor,2022082900,24,Super TY
2306,KHANUN,2023080806,24,STS
2113,Conson,2021091206,24,TS
2006,Mekkhala,2020081006,24,TY
2109,Lupit,2021080218,24,TS
2210,Tokage,2022082218,24,STY
2307,LAN,2023081018,24,Super TY
2306,KHANUN,2023080312,24,STY
2201,Malakas,2022040706,24,TS
2114,Chanthu,2021091606,24,STS
2014,Chan-hom,2020101306,24,TS
2010,Haishen,2020090206,24,TY
2110,Mirinae,2021080418,24,TS
2302,MAWAR,2023053106,24,TY
2212,Muifa,2022091100,24,STY
2308,DORA,2023081418,24,TS
2216,Noru,2022092300,24,STS
2225,Pakhar,2022121100,24,TS
2311,HAIKUI,2023090818,24,TS
2008,Bavi,2020082618,24,TY
2202,Megi,2022040900,24,TS
2306,KHANUN,2023073006,24,Super TY
2107,Cempaka,2021072112,24,TS
2311,HAIKUI,2023090118,24,STY
2113,Conson,2021091106,24,STS
2116,Mindulle,2021092306,24,TS
2308,DORA,2023081800,24,TS
2308,DORA,2023081512,24,TS
2108,Nepartak,2021072900,24,TS
2208,Meari,2022081306,24,TS
2313,YUN-YEUNG,2023090700,24,TS
2020,Atsani,2020110118,24,TS
2017,Saudel,2020102118,24,TY
2113,Conson,2021090912,24,STS
2018,Molave,2020102706,24,STY
2014,Chan-hom,2020101200,24,TS
2212,Muifa,2022091112,24,STY
2204,Aere,2022070306,24,TS
2005,Jangmi,2020080806,24,TS
2223,Banyan,2022103018,24,TS
2011,Noul,2020091700,24,STS
2225,Pakhar,2022121112,24,TS
2117,Lionrock,2021100912,24,TS
2003,Sinlaku,2020073118,24,TS
2104,Koguma,2021061206,24,TS
2302,MAWAR,2023052200,24,Super TY
2119,Namtheun,2021101118,24,TS
2010,Haishen,2020090118,24,TY
2205,Songda,2022072812,24,TS
2008,Bavi,2020082318,24,TY
2311,HAIKUI,2023090806,24,TS
2211,Hinnamnor,2022082812,24,STY
2306,KHANUN,2023080418,24,STS
2211,Hinnamnor,2022082918,24,Super TY
2207,Mulan,2022080818,24,TS
2315,BOLAVEN,2023100900,24,TY
2019,Goni,2020102700,24,TS
2306,KHANUN,2023080106,24,Super TY
2112,Omais,2021081818,24,TS
2314,KOINU,2023100406,24,Super TY
2211,Hinnamnor,2022090312,24,Super TY
2312,KIROGI,2023090112,24,TS
2019,Goni,2020110412,24,TS
2015,Linfa,2020100806,24,TS
2212,Muifa,2022090606,24,TS
2010,Haishen,2020090418,24,Super TY
2114,Chanthu,2021091706,24,TS
2224,Yamaneko,2022111218,24,TS
2306,KHANUN,2023080406,24,TY
2309,SAOLA,2023082806,24,STY
2018,Molave,2020102312,24,TS
2009,Maysak,2020082900,24,TY
2021,Etau,2020110718,24,TS
2217,Kulap,2022092706,24,TY
2019,Goni,2020110200,24,TS
2225,Pakhar,2022121012,24,TS
2015,Linfa,2020100900,24,TS
2103,Choi-wan,2021052912,24,TS
2214,Nanmadol,2022091800,24,STY
2311,HAIKUI,2023082800,24,TS
2306,KHANUN,2023073118,24,Super TY
2219,Sonca,2022101400,24,TS
2306,KHANUN,2023080206,24,STY
2005,Jangmi,2020080712,24,TS
2009,Maysak,2020082800,24,STS
2121,Nyatoh,2021120300,24,Super TY
2102,Surigae,2021041506,24,TY
2308,DORA,2023081518,24,TS
2106,In-fa,2021072206,24,STY
2008,Bavi,2020082312,24,TY
2204,Aere,2022070412,24,TS
2009,Maysak,2020082812,24,STS
2116,Mindulle,2021092606,24,Super TY
2017,Saudel,2020102106,24,TY
